,name,guiname,slider,description,flags,introduce,cancel,raise,lower,department,mincost,maxcost,cost multiplier,implementation,minincome,maxincome,incomemultiplier,,,,,,,,,,,,
#,AdultEducationSubsidies,Adult Education Subsidies,default,Adult education subsidies are a way to encourage people to re-train and continue their education after they have joined the workforce. This includes evening classes and distance learning resources. These schemes help to raise the overall educational level of the workforce.,,12,18,7,7,PUBLICSERVICES,160,300,,2,0,0,,#Effects,"Education,0.04+(0.04*x),4","WorkerProductivity,0.02+(0.02*x),4",,,,,,,,,
#,AgricultureSubsidies,Agriculture Subsidies,default,"For strategic reasons some governments are happy to pay subsidies to farmers to ensure the security of the nation's food supply. This goes against free market economics and can also be very expensive, but it does safeguard jobs (and votes) in agricultural communities.",,15,24,10,10,ECONOMY,120,2800,,4,0,0,,#Effects,"Capitalist,0.00-(0.08*x)","Unemployment,0.00-(0.17*x)","Farmers,0.10+(0.50*x)","Farmers_freq,0.02+(0.18*x),4","Farmers_income,0+(0.35*x)","Health,0-(0.04*x),4",,,,,
#,AirlineTax,Airline Tax,tax,Airline fuel has generally not been subject to taxation. Supporters of air fuel taxes insist that this results in an unfair subsidy on an environmentally destructive form of transport. The airlines point out that taxing airline fuel will just encourage them to refuel elsewhere thereby diverting funds from our economy.,,28,15,13,7,TAX,0,0,,1,115,7015,"AirTravel,0+(1.0*x)",#Effects,"Capitalist,0.00-(0.06*x)","Environmentalist,0.05+(0.10*x)","GDP,0.00-(0.05*x),2","AirTravel,0-(0.3*x),4","_MiddleIncome,0-(0.02*x)",,,,,,
#,AlcoholLaw,Alcohol Law,alcohollaw,"There is ample evidence that excessive consumption of alcohol can lead to health problems and even premature death. However, some people object to the state interfering in an individual's right to choose what he/she drinks. There is also the complication that the government can make a lot of money by taxing alcohol.",UNCANCELLABLE,21,12,13,9,LAWANDORDER,0,0,,1,0,0,,#Effects,"Liberal,0.20-(0.40*x)","AlcoholConsumption,0.5-(1.0*x),4",,"ViolentCrimeRate,0.05-(0.11*x)","Young,-0.2*(x^2)",,,,,,
#,AlcoholTax,Alcohol Tax,tax,"Medically there is a clear case for the government to tax alcohol in order to discourage consumption because of its negative effects on health and its possible links to social breakdown. On the other hand, those who drink socially see the government benefiting from such a tax to be hypocritical.",,30,9,9,4,TAX,0,0,,1,0,8050,"AlcoholConsumption,0+(1.0*x)",#Effects,"Poor,0-(0.2*x)","PovertyRate,0+(0.2*x)","Equality,0-(0.1*x)","AlcoholConsumption,0-(0.4*x),2",,,,,,,
#,ArmedPolice,Armed Police,armedpolice,Arming police officers can be an effective strategy in deterring crime and maintaining order. Opponents would argue that it encourages criminals to use firearms in a 'criminal arms race'. Critics also worry that arming the police will distance them from law-abiding citizens.,,50,48,10,19,LAWANDORDER,300,960,,3,0,0,,#Effects,"Liberal,-0.05-(0.25*x)","CrimeRate,-0.10-(0.10*x)","ViolentCrimeRate,0.00-(0.20*x)",,"_security_,(0.025+0.035*x)",,,,,,
#,BanSundayShopping,Ban Sunday Shopping,default,The Christian religion generally recognizes the 'Sabbath' as a 'day of rest' and many religious people believe that there should be no shopping carried out on that day. Some trade unions also believe that an enforced day of rest prevents its members being exploited.,,36,21,15,10,ECONOMY,0,0,,1,0,0,,#Effects,"Religious,0.12+(0*x)","Liberal,-0.08+(0*x)","GDP,-0.02+(0*x)","TradeUnionist,0.06+(0*x)",,,,,,,
#,BiofuelSubsidies,Biofuel Subsidies,default,"Biofuels can reduce oil demand, by mixing ethanol derived from corn with petro-chemical fuel. This is generally popular with environmentalists. Farmers who earn money producing corn for biofuel use also benefit. Biofuels with a higher mix of ethanol can be subsidized through tax breaks.",,10,16,7,8,TRANSPORT,5,700,"CarUsage,0+(1.0*x)",2,0,0,,#Effects,"OilDemand,0-(0.12*x),8","Environmentalist,0.02+(0.06*x)","Farmers,0.05+(0.10*x),4","Motorist,0.02+(0.02*x)","Farmers_freq,0.02+(0.05*x),4","Farmers_income,0+(0.09*x)",,,,,
#,BorderControls,Border Controls,bordercontrols,"Without some kind of customs checks at the borders, your country is open to the problem of mass illegal immigration. Some people argue that these immigrants cause crime, others that they take jobs away from your own citizens. Border controls can be effective in reducing illegal immigration.",UNCANCELLABLE,25,25,18,13,FOREIGNPOLICY,10,280,,1,0,0,,#Effects,"Patriot,0+(0.30*x)","Liberal,0-(0.225*x)","Immigration,0-(0.8*x),2","_Terrorism,0-(0.1*x)","EthnicMinorities,0.00-(0.42*x)",,,,,,
#,BusLanes,Bus Lanes,default,"Setting aside specific lanes of a road for use only by buses (and perhaps taxis and motorbikes) is one way to get traffic flowing faster and avoid congestion. It also shortens journey times for public transport and therefore encourages usage. There are noticeable costs involved in setting up such schemes, and motorists can be annoyed if the bus lanes seem empty while they remain stuck in traffic.",,10,10,7,4,TRANSPORT,100,220,,2,0,0,,#Effects,"Commuter,0.05+(0.17*x)","Motorist,0.00-(0.25*x)","BusUsage,0.05+(0.2*x),2",,,,,,,,
#,BusSubsidies,Bus Subsidies,default,"Traffic congestion and pollution can be reduced by encouraging people to travel by bus instead of car. It can be an expensive option though, and some motorists may resent a transport system they do not use being subsidized.",,10,18,7,7,TRANSPORT,125,1552,,6,0,0,,#Effects,"Commuter,0.10+(0.34*x)","Motorist,0.00-(0.15*x)","BusUsage,0.00+(0.32*x),2","_LowIncome,0+(0.07*x)","Commuter_income,0+(0.07*x)","Commuter_freq,0+(0.12*x),4","Capitalist,-0-(0.06*x)",,,,
#,CarbonTax,Carbon Tax,tax,"A carbon tax is a tax levied on all emissions of Carbon Dioxide, thought to be the main cause of climate change. The tax is effectively a pollution tax, and a way to make those individuals and industries who contribute to climate change pay for the damage they cause or to reduce emissions. Obviously the tax is popular with environmentalists, and can also lead to a more energy efficient economy.",,39,21,12,8,TAX,0,0,,2,1150,31510,"CO2Emissions,0.5+(1.0*x)",#Effects,"CO2Emissions,0-(0.5*x),8","GDP,-0.25*(x^2),4","Environmentalist,0.1+(0.1*x)","EnergyEfficiency,0+(0.25*x),8","_All_,0-(0.25*x)","AirTravel,0-(0.28*x),2","Capitalist,0.02-(0.11*x)",,,,
#,CarEmmissionsLimits,Car Emission Limits,default,"Setting legal limits on exhaust fumes helps to reduce air pollution, especially in cities, but it's unpopular with motorists who look upon it as yet more bureaucracy and tax.",,13,18,6,4,TRANSPORT,0,80,,5,0,0,,#Effects,"Motorist,0-(0.1*x)","Environmentalist,0.04+(0.05*x)","Environment,0+(0.23*x),16","CarUsage,-0.01-(0.02*x),4","CO2Emissions,-0.02-(0.08*x),16","Motorist_income,0-(0.06*x)",,,,,
#,CarTax,Car Tax,default,"Taxing the ownership of all motor vehicles is one way to persuade people to use alternative forms of transport. It can be argued however, that such a  system increases the fixed costs of car ownership, encouraging people to use a car more once they have gone to the trouble of taxing it. There is also an argument that this is a tax that unfairly hits the poor and people in rural communities where a car is a necessity.",MULTIPLYINCOME,38,18,18,7,TAX,0,0,,1,115,7435.9,"CarUsage,0+(1.0*x);TaxEvasion,1.0-(0.2*x)",#Effects,"CarUsage,0.00-(0.14*x),6","_MiddleIncome,0-(0.05*x)","Motorist,-0.05-(0.15*x)","Environmentalist,0.05+(0.05*x)","Motorist_freq,-0.1-(0.2*x)","Motorist_income,0-(0.08*x)","Farmers,-0.03-(0.03*x)",,,,
#,CCTVCameras,CCTV Cameras,cctv,"CCTV cameras can be a great help in catching criminals and cameras also deter crime.  The installation costs are extremely high, and there are concerns about civil rights from people who don't like to feel that the government is constantly watching them.",,28,28,9,7,LAWANDORDER,400,720,,2,0,0,,#Effects,"Liberal,-0.075-(0.135*x)","CrimeRate,-0.16*(x^0.4),4","ViolentCrimeRate,-0.10-(0.20*x),3","Conservatives,0.10+(0.14*x)","_security_,(0.025+0.038*x)",,,,,,
#,ChildBenefit,Child Benefit,default,"A fixed payment made by the state directly to parents to assist in the cost of bringing up children. Popular with parents for obvious reasons, and the poor who see it as a redistributive tax, but capitalists are opposed to such an unnecessary level of interference by government. ",,18,22,9,10,WELFARE,400,4320,,2,0,0,,#Effects,"Capitalist,-0.05-(0.02*x)","Poor,0.05+(0.04*x)","Equality,0.0.5+(0.15*x)","Parents,0+(0.23*x)","Liberal,0.05+(0.12*x)","Parents_freq,0.025+(0.05*x),2","_LowIncome,0+(0.07*x)","Parents_income,0+(0.05*x)",,,
#,ChildcareProvision,Childcare Provision,default,"By giving state subsidies for childcare, we can ensure more parents return to the workforce after having children, and therefore benefit the economy. Although this can be expensive, and is also a distortion of the market, it is popular with parents.",,16,21,7,10,WELFARE,400,5020,"GDP,0.4+(0.6*x)",1,0,0,,#Effects,"Parents,0.05+(0.06*x)","Capitalist,-0.03-(0.02*x)","WorkerProductivity,0.02+(0.08*x),2","Parents_freq,0.025+(0.045*x),2","Parents_income,0+(0.03*x)","Unemployment,-0.01-(0.11*x)",,,,,
#,CitizenshipTests,Citizenship Tests,default,"Citizenship tests are a way of ensuring that people migrating to our country have a demonstrable understanding of our culture and history. This lessens the chances of a clash of cultures for newcomers to the country, encourages integration and reassures patriotic members of society that they need not fear immigration.",,25,25,7,4,FOREIGNPOLICY,10,50,"Immigration,0+(1.0*x)",2,0,0,,#Effects,"Patriot,0.1+(0.16*x)","RacialTension,-0.1-(0.22*x),6","Patriot_freq,0.02+(0.04*x),4","Immigration,-0.05-(0.1*x)","Liberal,-0.02-(0.03*x)","EthnicMinorities,-0.02-(0.03*x)",,,,,
#,CleanEnergySubsidies,Clean Energy Subsidies,default,"Renewable energy might not be ultra efficient yet, but there is an argument for investing heavily in it now so as to strategically prepare our country for a future without fossil fuels. Environmentalists are happy for obvious reasons, but capitalists see it as an unwelcome distortion of the energy market.",,2,13,1,7,ECONOMY,590,1560,"GDP,0.2+(0.8*x)",8,0,0,,#Effects,"Environmentalist,0.05+(0.11*x)","Capitalist,-0.02-(0.05*x)","Environment,0.1+(0.14*x),8","EnergyEfficiency,0.01+(0.25*x),4","CO2Emissions,-0.02-(0.13*x),12",,,,,,
#,CleanFuelSubsidy,Clean Fuel Subsidy,default,"A Subsidy for cleaner fuels such as Ultra-Low Sulfur fuel in an effort to reduce the environmental impact of motoring. The subsidy will reduce the costs of fitting catalytic converters to older cars, and provide an incentive at the  pump to choose less damaging fuels.",,14,18,6,7,TRANSPORT,120,320,"CarUsage,0+(1.0*x)",1,0,0,,#Effects,"Environment,0.00+(0.07*x),4","Environmentalist,0.04+(0.10*x)","Motorist,0.02+(0.02*x)","Motorist_income,0.02+(0.08*x)",,,,,,,
#,CommunityPolicing,Community Policing,default,"Working with the community rather than attempting to control it. Community policing encourages the police to better understand the needs of the local community, especially in areas with ethnic minorities. Critics see it as an expensive waste of money which could be spent on more direct methods to cut crime.",,1,6,0,2,LAWANDORDER,100,639,,5,0,0,,#Effects,"Liberal,0.05+(0.05*x)","CrimeRate,-0.02-(0.05*x),4","ViolentCrimeRate,-0.02-(0.03*x),4","RacialTension,0-(0.08*x),4","_global_liberalism,0+(0.1*x),8",,,,,,
#,ConsumerRights,Consumer Rights,consumerrights,"At a minimum level, the state guarantees that the consumer is not totally ripped off, at the other end of the spectrum, draconian legislation can benefit the consumer at the expense of business. Companies often complain about the amount of legislation governing selling to the public.",,14,20,10,7,ECONOMY,5,8,,1,0,0,,#Effects,"Capitalist,0.00-(0.06*x)","SelfEmployed,0.00-(0.10*x)","Liberal,0.00+(0.15*x)","GDP,-0.04*(x^4)",,,,,,,
#,CorporationTax,Corporation Tax,corptax,"A direct and proportionate tax on the profits of business. Some argue that this should be the only form of taxation, others that such taxes stifle entrepreneurship and discourage people from starting a business. It is often one of the main ways the government brings in money.",MULTIPLYINCOME,30,30,19,10,TAX,0,0,,1,575,30638.3,"GDP,0.5+(0.5*x);TaxEvasion,1.0-(0.2*x)",#Effects,"Socialist,0+(0.22*x)","Capitalist,-0.03-(0.23*x)","Wealthy,0-(0.2*x)","SelfEmployed,0-(0.12*x)","GDP,-0.27*(x^5),6","_HighIncome,0-(0.07*x)","_global_socialism,0+(0.02*x)","SelfEmployed_income,0-(0.1*x)",,,
#,Creationism,Creationism vs. Evolution,creationism,"A bitter battle has raged about the way children are taught evolution versus creationism. Scientists and Liberals consider it obvious that evidence based evolution should be taught in science classes. Some religious groups feel that it is wrong to teach evolution or 'Darwinism' as fact, when it remains an unproven theory or that creationism should be taught as an alternative theory in science. The government has to decide what is taught in our schools.",UNCANCELLABLE,40,40,30,21,PUBLICSERVICES,0,0,,1,0,0,,#Effects,"Religious,0.3-(0.6*x)","Liberal,-0.35+(0.6*x)","Religious_freq,0.35-(x*0.7),30","_global_liberalism,-0.08+(0.16*x),16",,,,,,,
#,Curfews,Curfews,curfews,"Introduced  for a short period of time in  state of national emergency. These can be an effective way to combat crime at the cost of much personal liberty. Often, however, limiting the ability of peaceful citizens to leave their homes at night can be a sign of a country's degeneration into severe authoritarianism.",,50,13,36,6,LAWANDORDER,80,200,,1,0,0,,#Effects,"CrimeRate,-0.05-(0.15*x)","ViolentCrimeRate,-0.05-(0.15*x)","_All_,-0.05-(0.2*x)","Liberal,-0.1-(0.25*x)","_Terrorism,-0.1-(0.3*x)","_security_,0.12+(0.11*x)","GDP,-0.08*(x^4)",,,,
#,DeathPenalty,Death Penalty,deathpenalty,"The death penalty is the ultimate punishment for serious crimes. Opponents are concerned by the possibility of killing the wrong person, and suggest that only a barbaric state has the death penalty. Supporters point out that it absolutely guarantees no re-offending, and acts as a deterrent to serious crime.",,50,54,44,21,LAWANDORDER,0,0,,3,0,0,,#Effects,"Patriot,0.10+(0.02*x)","Liberal,-0.10-(0.05*x)","ViolentCrimeRate,-0.05-(0.10*x),4","_global_liberalism,-0.04-(0.04*x),8","Conservatives,0.20+(0.14*x)",Religious-0.06-(0.06*x),,,,,
#,DetentionWithoutTrial,Detention Without Trial,detention,"Detention without trial allows your police and security services to detain suspects when they do not have sufficient evidence (or cannot reveal sensitive evidence) to convict suspects. This can be justified in the name of preventing terrorism, but Liberals are concerned that this infringes human-rights.",,50,16,36,19,LAWANDORDER,2,2,,1,0,0,,#Effects,"Patriot,0.1+(0.1*x)","Liberal,-0.15-(0.1*x)","_Terrorism,-0.1-(0.1*x)","_security_,(0.05+0.05*x)","ForeignRelations,0-(0.10*x)",,,,,,
#,DisabilityBenefit,Disability Benefit,default,"A direct payment from the state to disabled people to allow for the fact that they are possibly unable, or need assistance to work. Additionally many disabled people have special requirements in terms of transport or housing. ",,9,19,4,7,WELFARE,50,420,,1,0,0,,#Effects,"Capitalist,-0.02-(0.02*x)","Equality,0.04+(0.05*x),3","Retired,0.02+(0.02*x)",,,,,,,,
#,FaithSchoolSubsidies,Faith School Subsidies,default,Religious schools can achieve good academic standards. Their supporters make a case  that the government should subsidize methods of education that are proven to be effective. Critics say that religion has no place in education and that the government cannot be seen to 'push' a particular religion on children.,,50,36,28,21,PUBLICSERVICES,180,1160,,1,0,0,,#Effects,"Religious,0.13+(0.10*x)","Education,0.04+(0.04*x)","Religious_freq,0.02+(0.35*x),30","RacialTension,0.1+(0.17*x)","Religious_income,0+(0.08*x)",,,,,,
#,ForeignAid,Foreign Aid,default,"Some foreign countries have very poor economies, poor education or food shortages, and it can be argued that relatively rich nations such as ours have a moral duty to help them. Others may argue that the first priority of any nation is to its own citizens, and if those citizens wish to help, they can do so individually through charities.",,14,16,7,7,FOREIGNPOLICY,200,2490,,2,0,0,,#Effects,"Socialist,0.02+(0.04*x)","Patriot,-0.02-(0.28*x)","Liberal,0+0.10*x)","ForeignRelations,0+(0.6*x),4","EthnicMinorities,0.02+(0.20*x)",,,,,,
#,FreeBusPasses,Free Bus Passes,default,"Traditionally, free bus travel is offered as a concession to those citizens of retirement age. This can be expensive, but it’s a great way to reduce car usage and thus reduce pollution and congestion. Some oppose such a distortion of the market however.", ,13,19,3,8,TRANSPORT,220,800,,2,0,0,,#Effects,"Retired,0.01+(0.08*x)","BusUsage,0.05+(0.15*x),4","_LowIncome,0.01+(0.04*x)","Retired_income,0+(0.05*x)",,,,,,,
#,FreeEyeTests,Free Eye Tests,default,"Eye tests catch problems early and advise those with poor eyesight that they need glasses. Getting your eyes tested privately can be expensive, and it's a luxury many people just do without. Socialists believe that the universal provision of free eye tests are essential in providing a health 'safety net' for all.",,8,15,6,7,PUBLICSERVICES,200,240,,1,0,0,,#Effects,"Poor,0.05+(0.05*x)","Capitalist,0-(0.05*x)","Wealthy,0.00-(0.10*x)","Socialist,0.01+(0.03*x)","PovertyRate,-0.03-(0.03*x),4","_LowIncome,0.05+(0.05*x)","Retired,0.02+(0.04*x)","Health,0.01+(0.02*x),16",,,
#,FreeSchoolMeals,Free School Meals,default,"Not only are free school meals a way of redistributing wealth by ensuring everyone can afford to feed their children, its also a way to ensure that children eat healthily rather than surviving purely on junk food.",,10,18,3,4,PUBLICSERVICES,210,320,,1,0,0,,#Effects,"Poor,0.00+(0.05*x)","Health,0.00+(0.09*x),16","Socialist,0.01+(0.03*x)","PovertyRate,-0.05-(0.11*x)","Parents,0.01+(0.03*x)","Parents_freq,0.01+(0.02*x)","_LowIncome,0+(0.05*x)","Obesity,0-(0.06*x),16",,,
#,Gambling,Gambling,gambling,"To some, gambling is a sin which leads to poverty and disaster, but others believe that some 'social' gambling is harmless fun which can also be taxed nicely by the government as an additional form of revenue. It also encourages tourism and creates jobs.",,27,32,19,14,LAWANDORDER,0,0,,3,0,0,,#Effects,"Liberal,0.00+(0.08*x)","Religious,0.00-(0.15*x)","GDP,0.00+(0.04*x),6","Unemployment,0.00-(0.03*x),4","Capitalist,0.01+(0.04*x)",,,,,,
#,GatedCommunities,Gated Communities,gatedcommunities,"A drastic solution to serious street crime and vandalism, gated communities are basically self-policed residential areas. They are popular with the wealthy, but often associated with class divide and inequality, as only the relatively wealthy can afford to live inside them. As a result, some governments are reluctant to permit their construction.",,13,14,7,4,LAWANDORDER,0,0,,12,0,0,,#Effects,"CrimeRate,0.00-(0.07*x)","Conservatives,0.00+(0.40*x)","Liberal,0.00-(0.11*x)","Equality,0.00-(0.11*x),8","_global_liberalism,-0.01-(0.09*x),12","Wealthy,0.00+(0.42*x)",,,,,
#,GraduateTax,Graduate tax,default,"A graduate tax is a deciated tax levied purely on people graduating from university, as a way of them contributing to the cost of their university tuition. Supporters say this is fair because not everyone benefits from a university education. Opponents argue that it creates a disincentive to study purely academic subjects and the arts, as well as penalizing ambition.",,24,2,10,0,TAX,2,2,,1,200,2600,,#Effects,"Young,-0.2-(0.1*x)","Capitalist,0.02+(0.01*x)","Socialist,-0.05-(0.02*x)","_MiddleIncome,0-(0.05*x)","Young_income,-0.01-(0.13*x)",,,,,,
#,HandgunLaws,Handgun Laws,gunlaws,"Some countries allow the virtually unrestricted ownership of any kind of firearm, whereas in others it is strictly controlled. Some people talk of the basic right to defend yourself, others are concerned that gun ownership leads to gun crime.",UNCANCELLABLE,50,45,40,34,LAWANDORDER,0,4,,1,0,0,,#Effects,"ViolentCrimeRate,0.20-(0.40*x),4","Liberal,0.00-(0.12*x)","Patriot,0.20-(0.40*x)","Parents,-0.15+(0.30*x)","_global_liberalism,0-(0.05*x),8",,,,,,
#,HybridCarsInitiative,Hybrid Cars Initiative,default,"Hybrid cars are less damaging to the environment, because at slower speeds they use electric engines that produce no CO2. They also get higher fuel efficiency, thus reducing demand for oil. The downside is they are very expensive, but tax incentives can encourage more people to buy hybrid models when they get new cars.",,9,14,4,6,TAX,5,200,"CarUsage,0+(1.0*x)",1,0,0,,#Effects,"OilDemand,-0.02-(0.12*x) *CarUsage,4","Environmentalist,0.02+(0.09*x)","Motorist,0.02+(0.02*x)","CarUsage,0.01+(0.02*x)","Environmentalist_income,0+(0.05*x)","Environment,0.02+(0.12*x)*CarUsage,4","Environmentalist_freq,0+(0.05*x),8",,,,
#,IDCards,ID Cards,idcards,"Some say ID Cards act as a powerful deterrent against terrorism and other serious crimes, but liberals would argue that it is an infringement of an individual's civil liberties for the state to demand that citizens identify themselves on the spot.",,50,25,39,20,LAWANDORDER,100,1200,,12,0,0,,#Effects,"Liberal,-0.15-(0.35*x)","CrimeRate,0.00-(0.14*x)","ViolentCrimeRate,0.00-(0.50*x)","Conservatives,0.10+(0.14*x)","_security_,0+(0.15*x)","Patriot,0.11+(0.07*x)",,,,,
#,ImportTarrifs,Import Tariffs,default,"Cheap imports can be damaging to the economy because local companies cannot match the lower salaries paid by foreign competitors. Import tariffs help to protect local manufacturers from 'unfair' competition. This does go against real free-market economics though, and can be seen as being unfair to foreign countries, possibly sparking retaliation.",,13,13,7,7,FOREIGNPOLICY,0,0,,5,69,154.33, ,#Effects,"Capitalist,0.10-(0.10*x)","Unemployment,0.00-(0.10*x)","Patriot,0.10+(0.10*x)","ForeignRelations,0-(0.16*x)","InternationalTrade,-0.1-(0.35*x)",,,,,,
#,IncomeTax,Income Tax,incometax,"One of the most popular ways to raise money for government is a direct tax on peoples earnings, deducted at source by their employer. Income tax is generally a progressive tax (the wealthy pay more as a fraction of their income than the poor) and for this reason it is popular with socialists and the low paid.",MULTIPLYINCOME,43,13,30,7,TAX,0,0,,1,2300,123464,"GDP,0.5+(0.5*x);TaxEvasion,1.0-(0.2*x)",#Effects,"Socialist,0+(0.112*x)","Capitalist,0-(0.33*x)","Equality,0+(0.3*x),4","MiddleIncome,0-(1.07*x)","Wealthy,0-(x^11)","_LowIncome,0-(0.10*x)","_MiddleIncome,0-(0.14*x)","_HighIncome,0-(0.20*x)", ,,
#,FlatTax,Flat Income Tax,incometax,"A flat-rate income tax is a tax where every citizen pays the same marginal rate of income tax regardless of their total income. As a result, the cleaner in the office pays the same rate as the CEO, though the CEO's total tax bill will be higher. This simpler structure can lead to lower avoidance and evasion. It is not progressive, and can exacerbate income inequality.",MULTIPLYINCOME,43,13,32,9,TAX,0,0,,1,2300,123464,"GDP,0.5+(0.5*x);TaxEvasion,1.0-(0.05*x)",#Effects,"Socialist,0-(0.25*x)","Capitalist,0-(0.12*x)","Equality,0-(0.3*x),4","MiddleIncome,0-(0.80*x)","Wealthy,-0.2*(x^11)","_LowIncome,0-(0.15*x)","_MiddleIncome,0-(0.14*x)","_HighIncome,0-(0.10*x)","Poor,0-(0.85*x)",,
#,CapitalGainsTax,Capital Gains Tax,capgains,"CGT is a tax levied on non-salary income such as stock market profits and share dividends, and profits from selling property or other assets. Primarily it affects the wealthy and business owners, and will raise more money if the economy is booming. Because it taxes profits from investments, it also acts as a slight deterrent to investment and thus be detrimental to the economy.",MULTIPLYINCOME,13,9,7,7,TAX,0,0,,1,400,9022,"GDP,0.5+(0.5*x);TaxEvasion,1.0-(0.2*x)",#Effects,"Socialist,0+(0.1*x)","Capitalist,0-(0.12*x)","Equality,0+(0.09*x)","_HighIncome,0-(0.10*x)","SelfEmployed_freq,0-(0.05*x),4","SelfEmployed,0-(0.1*x)","GDP,-0.01-(0.02*x),4","SelfEmployed_income,0-(0.10*x)","_global_socialism,0.02+(0.04*x),12","Wealthy,0-(0.13*x)",
#,InheritanceTax,Inheritance Tax,inheritancetax,"A tax paid on the wealth of an individual as it is passed on to their descendants. An inheritance tax protects equality, by preventing families amassing wealth and advantage over the generations, so it is popular with socialists and the poor. However, some people are strongly opposed to anything that prevents them handing on their hard-earned wealth, especially their house, to their children.",,48,19,25,10,TAX,0,0,,1,460,1683.6,,#Effects,"Wealthy,-0.1-(0.25*x)","Socialist,0+(0.2*x)","Equality,0.1+(0.3*x),24","Conservatives,0-(0.12*x)","MiddleIncome,0-(0.18*x)","_HighIncome,0-(0.12*x)","Retired,0-(0.22*x)","_global_socialism,0+(0.1*x),32",,,
#,IntelligenceServices,Intelligence Services,intel,"Security services are an essential tool in the fight against organized crime and terrorism. Good, reliable intelligence can be difficult and expensive to obtain, and in many cases the methods employed can be unpopular with liberals and human rights advocates.",UNCANCELLABLE,13,13,7,8,LAWANDORDER,900,1600,,4,0,0,,#Effects,"Liberal,0-(0.18*x)","CrimeRate,0-(0.12*x),2","Patriot,0+(0.05*x)","_Terrorism,0.2-(0.3*x),2","_security_,0+(0.4*x),2",,,,,,
#,InternetCensorship,Internet Censorship,internetcensorship,"Liberals would suggest that the internet's greatest characteristic is its freedom from censorship and control, leading to an open and tolerant society. Freedom has its price however, and there is no shortage of material on the internet that can assist those with criminal intent. Opinion on what should and should not be censored on the web is bitterly divided.",,27,27,14,10,LAWANDORDER,250,400,,1,0,0,,#Effects,"Conservatives,0.10+(0.15*x)","Technology,0.00-(0.12*x),4","Liberal,-0.25-(0.25*x)","Young,-0.08-(0.25*x)",,,,,,,
#,InternetTax,Internet Tax,tax,"As more and more commerce moves from conventional 'bricks and mortar' establishments to the web, governments are tempted to levy taxes on such transactions in order to 'level the playing field'. However, opponents of an internet tax claim that such a move would cripple the hi-tech economy and do enormous harm to the country's competitiveness.",,28,10,18,4,TAX,0,0,,1,115,7015,"GDP,0.2+(0.8*x)",#Effects,"Technology,-0.10-(0.23*x),4","GDP,0.00-(0.05*x),2","_MiddleIncome,0-(0.02*x)",,,,,,,,
#,JuryTrial,Jury Trial,jurytrial,"The right to be tried by ordinary members of the public rather than a judge is seen as a fundamental human right by many liberals. Conservatives argue that such a process is expensive, time wasting and is no fairer than a judge or a group of magistrates. Its entirely possible to have a system where a jury trial is reserved for more serious offences, with minor trials presided over by a magistrate.",,18,25,8,10,LAWANDORDER,105,322,,1,0,0,,#Effects,"Liberal,0+(0.15*x)",,,,,,,,,,
#,LabourLaws,Labor Laws,labourlaws,"Labor laws are basically restrictions on a worker's right to strike. Capitalists argue that such restrictions are vital to prevent key workers such as power station workers, policemen and train drivers from holding the country to ransom. Trade unionists consider the right to strike to be fundamental and not open to negotiation.",UNCANCELLABLE,45,45,27,20,ECONOMY,100,160,,2,0,0,,#Effects,"Socialist,-0.05+(0.1*x)","TradeUnionist,-0.14+(0.28*x)","WorkingWeek,0.37-(0.56*x)","Capitalist,0.05-(0.1*x)","WorkerProductivity,0.05-(0.10*x)","TradeUnionist_freq,-0.10+(0.20*x),8","_global_socialism,-0.10+(0.20*x),8","Wages,-0.12+0.24*x)",,,
#,LegalAid,Legal Aid,default,"Not everyone has the money to pay a lawyer to defend themselves in court. Although a citizen could theoretically defend himself, providing state-employed lawyers should make for a fairer system. On the other hand, this is basically a big subsidy to people who have already been charged with a crime but remember they are innocent until proved guilty.",,13,13,7,9,LAWANDORDER,10,400,,1,0,0,,#Effects,"Liberal,0.05+(0.05*x)","Poor,0.025+(0.05*x)","Socialist,0.01+(0.02*x)","Equality,0.02+(0.04*x)","_LowIncome,0+(0.04*x)",,,,,,
#,LegaliseProstitution,Legalize Prostitution,default,"Conservatives claim that the legalization of prostitution would mark a severe decline in family values. Others claim that as prostitution is unlikely to disappear, even if illegal, it's better for society and prostitutes that the practice is regulated and monitored rather than criminalized.",,25,25,12,8,LAWANDORDER,0,0,,1,0,0,,#Effects,"Conservatives,-0.30-(0.10*x)","GDP,0.03+(0.02*x),2","Liberal,0.05+(0.03*x)","Parents,-0.08-(0.02*x)","Religious,-0.33-(0.07*x)",,,,,,
#,LuxuryGoodsTax,Luxury Goods Tax,luxtax,"A tax aimed specifically at the high spenders in our society. A surcharge is added to high value luxuries such as sports cars, private yachts etc. Although it is never a vast source of income, a luxury goods tax can be popular with those people concerned with the gap between rich and poor. A luxury goods tax could encourage high earners to live and work elsewhere.",,14,8,7,3,TAX,0,0,,1,115,8137.4,"Wealthy_perc,0+(1.0*x)",#Effects,"Wealthy,0-(0.25*x)","Socialist,0+(0.4*x)","Capitalist,0-(0.08*x)","Equality,0.05+(0.2*x),4","_HighIncome,0-(0.18*x)",,,,,,
#,MarriedTaxAllowance,Married Tax Allowance,marriedtax,"This is a tax break for married couples, given as an encouragement for people to marry and also to stick together. Church groups see it as essential that the state encourages traditional family values. Some see it as religion meddling in the tax system for no good reason.",,21,21,12,8,TAX,100,5200,"GDP,0.25+(0.75*x)",1,0,0,,#Effects,"Religious,0.1+(0.2*x)","Conservatives,0.07+(0.10*x)","Parents,0.02+(0.03*x)","_global_liberalism,-0.04-(0.04*x),12",,,,,,,
#,MaternityLeave,Maternity Leave,maternityleave,"To some people, ensuring that mothers have a right to maternity leave and to return to their jobs afterwards is a sign of a civilized society, and one that encourages women to work. Some small businesses are concerned that it can put an unpredictable and even potentially crippling burden on an employer, especially where the number of employees is small. It could be argued that this actually encourages employers not to employ women.",,13,18,7,7,ECONOMY,0,0,,1,0,0,,#Effects,"Parents,0.07+(0.15*x)","WorkerProductivity,-0.05-(0.07*x)","Parents_income,0+(0.1*x)","Parents_freq,0.025+(0.04*x),4","TradeUnionist,0.06+(0.05*x)",,,,,,
#,MicrogenerationGrants,Micro-Generation Grants,default,"These grants are given to citizens to help subsidize the cost of energy micro-generation systems such as solar panels and wind turbines. This is a good way to take advantage of some people's desire to make a personal step towards cleaner and greener energy, and will increase the country's overall energy efficiency.",,10,10,3,7,TAX,100,1100,"GDP,0.25+(0.75*x)",2,0,0,,#Effects,"Environmentalist,0.03+(0.06*x)","EnergyEfficiency,0.01+(0.11*x),4","Environmentalist_income,0.02+(0.05*x)","Environmentalist_freq,0.02+(0.06*x)","CO2Emissions,-0.02-(0.05*x),8","Environment,0.02+(0.04*x),8",,,,,
#,MilitarySpending,Military Spending,militaryspending,"A modern, well equipped military can cost an absolute fortune, and many people feel that the money could best be spent elsewhere. Others (especially patriots) would argue that you cannot put a price on freedom and security, and also point out the huge benefits for our businesses, technology and employment figures.",UNCANCELLABLE,0,0,9,19,FOREIGNPOLICY,1000,10030,"_default_,1.0;Wages,-0.1+(0.2*x)",8,0,0,,#Effects,"Patriot,-0.35+(0.62*x)","Unemployment,0.00-(0.23*x)","StateEmployees,0.00+(0.23*x)","_Terrorism,0-(0.2*x),4","StateEmployees_freq,-0.05+(0.16*x)","StateEmployees_income,-0.3+(0.09*x)","Liberal,-0.10*(x^4)",,,,
#,Monorail,National Monorail System,default,"Monorails are often seen as the transport system of the future. They are promoted as being fast, reliable and environmentally beneficial. The main problem however is the high cost. The construction time is also a major consideration so investment in a national network would take a long time to give an eventually good payoff.",,14,14,8,8,TRANSPORT,2100,2320,,16,0,0,,#Effects,"CarUsage,-0.06-(0.10*x),2","Commuter,0.12+(0.15*x)","Unemployment,0-(0.05*x)",,,,,,,,
#,MortgageTaxRelief,Mortgage Tax Relief,default,"This allows people to claim tax relief on the interest payments they have to make when they borrow money to buy a house. This helps homebuyers to afford their mortgage payments, but can be resented by those who are not in a position to buy a house, as it is effectively a tax break for homebuyers.",,31,44,18,22,TAX,200,920,"GDP,0.25+(0.75*x)",1,0,0,,#Effects,"MiddleIncome,0.1+(0.18*x)","Socialist,-0.06-(0.07*x)","Poor,-0.07-(0.06*x)","_MiddleIncome,0+(0.09*x)",,,,,,,
#,Narcotics,Narcotics,narcotics,"Should drugs such as cannabis and heroin be legalized? Supporters suggest that it is the crime associated with the buying black-market drugs that cause problems, and legalizing narcotics would reduce crime. Opponents point to the health risks and say it would be giving into criminals.",UNCANCELLABLE,37,37,27,20,LAWANDORDER,0,0,,5,0,0,,#Effects,"Liberal,-0.05+(0.2*x)","Parents,0.00-(0.15*x)","CrimeRate,0.00+(0.20*x)","Conservatives,0.05-(0.2*x)","LegalDrugConsumption,0.8*(GDP+0.2)*x",,,,,,
#,NationalService,National Service,nationalservice,"Compulsory military service for some citizens where they are taught the basics of how to defend this country from attack has some benefits. For example it would allow us to have a smaller regular army. However, there are concerns about forcing people to bear arms against their will.",,50,45,26,16,FOREIGNPOLICY,100,1000,,1,0,0,,#Effects,"Liberal,-0.10-(0.02*x)","Patriot,0.15+(0.03*x)","Conservatives,0.20+(0.24*x)","Young,-0.20-(0.02*x)","Patriot_freq,0.10+(0.06*x)",,,,,,
#,OrganDonation,Organ Donation,organdonation,"There are few who would disagree that organ transplant is an amazing technology but it requires a plentiful supply of donors. Sadly many people do not give the topic consideration. Some suggest that an 'opt-out' policy is best, with consent for donation assumed unless otherwise stated. Others suggest that this is no place for the state to interfere and explicit permission should be requested.",,13,13,9,7,PUBLICSERVICES,8,10,,1,0,0,,#Effects,"Health,0.05+(0.06*x)","Religious,-0.08-(0.025*x)",,,,,,,,,
#,OrganicSubsidy,Organic Farming Subsidy,default,"Supporters of organic farming say the state should subsidize this method of farming because of the perceived health benefits of food without artificial flavorings and additives. Naturally this is popular with farmers and environmentalists, but some people see it as a pointless distortion of what should be a free market.",,15,18,9,9,ECONOMY,190,800,,1,0,0,,#Effects,"Environmentalist,0.11+(0.09*x)","Farmers,0.10+(0.18*x)","Capitalist,-0.05-(0.02*x)","Health,0.02+(0.06*x),8","Farmers_income,0+(0.10*x)","Environmentalist_income,0+(0.05*x)","Farmers_freq,0.05+(0.09*x)",,,,
#,PetrolTax,Petrol Tax,tax,"Taxing fuel can be a huge source of income for a government, and can also be seen as a 'green' policy by encouraging people to drive less, or to use more fuel efficient cars. Critics suggest that this is just another cynical tax on the motorist, and some complain that the alternative (public transport) is not a viable option for everyone.",,49,28,36,10,TAX,0,0,,1,1150,21045,"CarUsage,0+(1.0*x)",#Effects,"CarUsage,0.00-(0.40*x),4","Motorist,0.00-(x^5)","Environmentalist,0.00+(0.20*x)","GDP,-0.13*(x^7),2","Motorist_income,0-(0.15*x)","Motorist_freq,0-(0.16*x)",,,,,
#,PhoneTapping,Wire Tapping,phonetapping,"From a law and order perspective, wire tapping is an essential weapon in the fight against organized crime and terrorism. The problem is that it's difficult to prevent misuse of such a system, and liberals are keen to point out how widespread wire tapping is a very sinister sign of a police state.",,26,16,19,8,LAWANDORDER,10,40,,3,0,0,,#Effects,"Liberal,-0.1-(0.25*x)","CrimeRate,-0.05-(0.15*x)","_Terrorism,-0.05-(0.15*x)","_security_,(0.075+0.1*x)",,,,,,,
#,PlasticBagTax,Plastic Bag Tax,default,"Plastic bags, unlike paper ones are not biodegradable so can last more or less forever, eventually ending up in huge unsightly landfill sites. A tax on bags discourages their use and encourages people to re-use stronger, more environmentally friendly alternatives. Capitalists just see this as the state meddling.",,4,1,1,0,TAX,6,7,,1,5.75,70.15,,#Effects,"Environmentalist,0.02+(0.03*x)","Capitalist,-0.02-(0.02*x)",,,,,,,,,
#,PoliceForce,Police Force,default,"Every government needs to employ a police force to ensure order is kept and laws are obeyed, but it's a matter of debate exactly how much should be spent on the police. Some favor a large force with police on every street corner, other prefer a more low-key and tolerant approach.",UNCANCELLABLE,25,37,4,18,LAWANDORDER,300,2320,"_default_,1.0;Wages,-0.1+(0.2*x)",6,0,0,,#Effects,"CrimeRate,-0.35*(x^0.6),4","ViolentCrimeRate,-0.52*(x^0.6),3","Conservatives,-0.2+(0.48*x)","StateEmployees,-0.15+(0.37*x)","StateEmployees_freq,-0.05+(0.1*x)","StateEmployees_income,-0.3+(0.09*x)","Unemployment,0-(0.03*x)",,,,
#,PollutionControls,Pollution Controls,pollutioncontrols,"Restrictions on what chemicals and emissions can be released into the atmosphere. Controls reduce pollution and increase health, possibly at the cost of economic competitiveness.",,6,6,3,3,ECONOMY,10,24,,4,0,0,,#Effects,"Environmentalist,0.05+(0.06*x)","Capitalist,-0.02-(0.08*x)","Environment,0.1+(0.2*x),12","GDP,0-(0.05*x),4","CO2Emissions,-0.05-(0.14*x),12",,,,,,
#,PrisonerTagging,Prisoner Tagging,default,"A high tech alternative to incarceration that allows people to re-integrate with the community upon release from prison, whilst allowing law enforcement authorities to keep a close eye on them. Liberals have concerns that such a system is a step towards a police state which monitors our every move.",,14,14,7,4,LAWANDORDER,16,32,,1,0,0,,#Effects,"Liberal,-0.10-(0.12*x)","CrimeRate,-0.05-(0.08*x)","ViolentCrimeRate,-0.05-(0.09*x)", ,,,,,,,
#,Prisons,Prisons,prisons,"Some argue that providing the minimum number of bare, cold cells is the only provision that needs to be made for those who have broken the law. Others suggest that spending more money allows for prisoners to be rehabilitated as well as punished and reduces the chances of reoffending.",UNCANCELLABLE,13,20,7,8,LAWANDORDER,100,1920,"CrimeRate,0.1+(0.9*x)",6,0,0,,#Effects,"CrimeRate,0.00-(0.07*x),8","Liberal,0.12*(x^4)","Conservatives,0.00+(0.12*x)","StateEmployees,0+(0.15*x)","StateEmployees_freq,-0.05+(0.1*x)","Unemployment,0-(0.02*x)",,,,,
#,PropertyTax,Property Tax,tax,"Property tax is a tax levied on the value of homes. The valuation is often made by a government body, and the money is used to fund local government services (at least in part) such as the provision of street lighting and emergency services. Some see it as a fair tax which mostly affects those who own large homes and are wealthy, others see it as an unfair tax on retired people with large homes but little actual income.",,37,33,19,10,TAX,0,0,,2,1150,12650,"GDP,0.5+(0.5*x)",#Effects,"_MiddleIncome,0-(0.1*x)","_HighIncome,0-(0.14*x)","Socialist,0+(0.12*x)","Capitalist,0-(0.15*x)","Equality,0+(0.15*x)","MiddleIncome,0-(0.32*x)","Wealthy,0-(x^11)","Retired,0-(0.28*x)", ,,
#,PublicLibraries,Public Libraries,default,"Public libraries provide a number of services, acting as a focus for communities, providing access to information and literature to those on low incomes, and enabling people to learn new skills outside the normal educational establishment.",,10,21,6,9,PUBLICSERVICES,50,800,,4,0,0,,#Effects,"Education,0.02+(0.05*x),4","Equality,0.02+(0.02*x),4","Retired,0.03+(0.03*x)",,,,,,,,
#,RacialProfiling,Racial Profiling,default,"Racial (or ethnic) profiling is the practice of using race as a factor in identifying criminals and potential criminals. Law enforcement officials claim that using racial profiling allows them to quickly narrow down lists of potential suspects, and to best concentrate their efforts but opponents fear that it leads to racial discrimination by the police.",,32,16,18,8,LAWANDORDER,0,0,,1,0,0,,#Effects,"CrimeRate,0-(0.09*x)","ViolentCrimeRate,0-(0.09*x)","Liberal,-0.06-(0.06*x)","RacialTension,0.2+(0.1*x)","_Terrorism,-0.04-(-0.05*x)",,,,,,
#,RaceDiscriminationAct,Race Discrimination Act,default,"Prevents citizens being discriminated against purely on the basis of race, i.e. racist employment practices etc.",,2,26,1,10,LAWANDORDER,5,9,,1,0,0,,#Effects,"RacialTension,0-(0.14*x)","Liberal,0.1+(0.03*x)","EthnicMinorities,0.2+(0.1*x)","Conservatives,-0.05*(x^4)","_global_liberalism,0+(0.12*x),8",,,,,,
#,RailSubsidies,Rail Subsidies,default,"Travelling by rail is not only more environmentally sound than car travel, its much more efficient in terms of transport times and congestion. Of course that requires adequate investment over the very long term, and in the meantime, motorists take offence at subsidizing a system they do not use. It can take several years for the effects of rail investment to take effect.",,18,18,10,9,TRANSPORT,500,4800,,24,0,0,,#Effects,"Commuter,0.10+(0.25*x)","Motorist,0.00-(0.20*x)","RailUsage,0.00+(0.35*x),8","_LowIncome,0+(0.06*x)","_MiddleIncome,0+(0.02*x)","Commuter_income,0+(0.1*x)","Commuter_freq,0+(0.12*x),4","Unemployment,0-(0.09*x)",,,
#,Recycling,Recycling,recycling,"Supporters of recycling argue that dumping waste in landfills just isn't a long term solution, and the government needs to show the way by providing facilities to recycle as many waste materials as possible. This might include recycling newspapers, cardboard, bottles and even some plastics.",,13,18,4,4,ECONOMY,40,400,,5,0,0,,#Effects,"Environmentalist,0.04+(0.09*x)","Environment,0.01+(0.04*x)","Environmentalist_freq,0.02+(0.08*x),12",,,,,,,,
#,RoadBuilding,Road Building,roadbuilding,"Although environmentalists often argue that more roads just lead to more congestion, not surprisingly this isn't how the motorist who is sat in traffic sees it. Building new roads is a very expensive and very slow process, but some suggest its vital to keep our economy functioning.",UNCANCELLABLE,30,30,18,18,TRANSPORT,100,5100,,16,0,0, ,#Effects,"Motorist,-0.25+(0.55*x),4","Environmentalist,0.16-(0.40*x)","CarUsage,0.20+(0.29*x),4","TrafficCongestion,0-(0.3*x)","Unemployment,0-(0.05*x)", ,,,,,
#,RuralDevelopmentGrants,Rural Development Grants,default,"As technology advances and more and more citizens take jobs in our cities, there is a danger that poverty and unemployment will rise to unacceptable levels in the countryside. Rural development grants do distort the free market, but they also support rural businesses and prevent poverty amongst farmers and other rural occupations.",,27,27,18,15,ECONOMY,100,400,,6,0,0,,#Effects,"_LowIncome,0.02+(0.13*x)","Unemployment,0.00-(0.15*x)","Equality,0.00+(0.14*x)","Farmers,0.10+(0.30*x)","GDP,0.00+(0.06*x),4","Farmers_freq,0.02+(0.06*x),8",,,,,
#,SalesTax,Sales Tax,salestax,"Sales tax is the classic 'regressive' tax, which means it does not take into account the ability to pay. Critics argue that this affects the poor disproportionately and thus increases inequality. Supporters argue that it is relatively easy to collect and affects everyone, and is thus fair. Businesses can be opposed to the administrative burden of the tax.",MULTIPLYINCOME,37,21,26,9,TAX,0,0,,1,575,61732,"GDP,0.2+(0.8*x);TaxEvasion,1.0-(0.2*x)",#Effects,"PovertyRate,0.00+(0.20*x)","SelfEmployed,0.00-(0.21*x)","Capitalist,0.00-(0.15*x)","Equality,-0.02-(0.32*x)","_LowIncome,0-(0.12*x)","_MiddleIncome,0-(0.06*x)",,,,,
#,SateliteRoadPricing,Satellite Road Pricing,default,An expensive system that requires transponders to be fitted to everyone's car and keeps track of what roads people use (and when). Allows per-road pricing for car usage which gives local authorities fine control over reducing congestion without burdening motorists in more remote rural areas who have no alternative transport system.,,52,21,26,14,TRANSPORT,2500,2000,,16,0,7015,"CarUsage,0+(1.0*x)",#Effects,"CarUsage,-0.25*(x^4),4","Motorist,-0.08-(0.06*x)","Environmentalist,0.06+(0.1*x)","Motorist_income,-0.04-(0.1*x)","Capitalist,0.05+(0.02*x)",,,,,,
#,SchoolBuses,Subsidized School Buses,default,"State subsidies for school buses ensure that every school kid has an efficient, and safe journey to school, whilst reducing the number of short 'school-run' trips carried out by parents, thus reducing traffic on the roads. Parents are also happier knowing that there are proper approved school buses.",,14,21,7,10,TRANSPORT,250,520,,2,0,0,,#Effects,"Parents,0.07+(0.07*x)","BusUsage,0.05+(0.15*x),2",,,,,,,,,
#,SchoolPrayers,School Prayers,schoolprayers,"Liberals will often argue that the education of our younger citizens should be kept entirely separate from any religious teachings. On the other hand, it's argued that some compulsory prayer in schools is a way of promoting moral values in our children.",,49,39,19,14,PUBLICSERVICES,0,0,,1,0,0,,#Effects,"Religious,0.05+(0.15*x)","Liberal,-0.05-(0.05*x)","Religious_freq,0.04+(0.25*x),32","RacialTension,0.1+(0.11*x),2",,,,,,,
#,ScienceFunding,Science Funding,sciencefunding,"In some countries, the majority of research is funded by private companies. State-sponsored science can be useful for investing in very long-term research projects or those that may not be commercially rewarding. The benefits of state sector research are freely available to the entire population, rather than patented by corporations.",UNCANCELLABLE,10,20,6,8,PUBLICSERVICES,85,4000,,4,0,0,,#Effects,"Technology,-0.10+(0.21*x),8","EnergyEfficiency,-0.1+(0.2*x),12","GDP,0+(0.08*x),20","StateEmployees,-0.15+(0.3*x)","StateEmployees_freq,-0.05+(0.1*x)","Unemployment,0-(0.03*x)",,,,,
#,SmallBusinessGrants,Small Business Grants,default,"The failure rate for small businesses is very high. In the early years of trading, a preferential government grant can be an enormous help to get a new enterprise off the ground. This can lead to a big boost to the economy, but it can also be an expensive policy with no guarantee of good results.",,10,14,4,7,ECONOMY,100,5000,"GDP,0.25+(0.75*x)",2,0,0,,#Effects,"SelfEmployed,0.10+(0.25*x)","GDP,0.01+(0.05*x),8","Capitalist,0+(0.09*x)","_global_socialism,-0.04-(0.1*x),12","SelfEmployed_freq,0.02+(0.06*x),4","SelfEmployed_income,0.01+(0.15*x)","TradeUnionist_freq,-0.02-(0.04*x),4","Capitalist_income,0+(0.05*x),4",,,
#,SpaceProgram,Space Program,spaceprogram,"Invest in your country's efforts to explore space! As well as the purely scientific benefits, a well-funded space program will boost the level of technological expertise throughout the entire economy. It will also unite the country and encourage patriotism.",,24,26,18,10,ECONOMY,1000,3900,,16,0,0,,#Effects,"Patriot,0.05+(0.15*x)","Patriot_freq,0.05+(0.15*x)","Unemployment,-0.02-(0.05*x)","StateEmployees,0.035+(0.075*x)","Technology,0+(0.12*x),16","Religious_freq,-0.02-(0.06*x),20",,,,,
#,SpeedCameras,Speed Cameras,speedcameras,"Speed cameras are an automated way to enforce speed restrictions on our roads, without having to invest a fortune in extra traffic police. Supporters claim they reduce road deaths and free up the police to deal with more serious crime, opponents claim they are a cynical way of taxing the motorist and have nothing to do with safety",,39,14,14,7,LAWANDORDER,1,8,,5,11.5,210.45,,#Effects,"Motorist_income,0.00-(0.15*x)","Parents,0.01+(0.03*x)","Health,0.01+(0.015*x),4","Motorist,-0.02-(0.08*x)",,,,,,,
#,StateHealthService,State Health Service,healthservice,"Although many citizens would be happy to pay privately for their own health treatment, there is an argument that the state has a duty to provide a minimum level of free health treatment for everyone regardless of income. Health provision can be expensive, so it's a matter of debate as to how much should be spent.",,38,60,18,26,PUBLICSERVICES,3000,12000,"_default_,0.6;TobaccoUse,0+(0.1*x);Environment,0.2-(0.1*x);Alcoholism,0.1+(0.1*x);Wages,-0.1+(0.2*x)",12,0,0,,#Effects,"Poor,0.05+(0.15*x)","Capitalist,-0.02-(0.10*x)","Wealthy,0.00-(0.10*x)","Socialist,0.05+(0.11*x)","Health,0.25*(x^0.6)+0.05,4","Retired,0.00+(0.16*x)","Unemployment,0-(0.19*x)","StateEmployees,0.00+(0.22*x)","StateEmployees_freq,0+(0.1*x)","StateEmployees_income,0+(0.09*x)","_global_socialism,0+(0.052*x),4"
#,StateHousing,State Housing,default,"Some citizens prefer to own their own homes, but the cost of housing is such that a large proportion of the population live in rented accommodation. State housing is provided, at a reduced rate, to those who cannot afford to pay the market rate. This can be expensive to fund, but the social benefits are also significant.",,13,18,8,8,WELFARE,1000,8400,,16,0,0,,#Effects,"Capitalist,-0.02-(0.1*x)","Poor,0.05+(0.05*x)","Equality,0.03+(0.21*x)","Socialist,0+(0.20*x)","PovertyRate,0-(0.17*x)","_LowIncome,0+(0.17*x)","_global_socialism,0.015+(0.02*x),12",,,,
#,StatePensions,State Pensions,default,"Rather than leave it up to the individual to provide for themselves after retirement, state pensions can guarantee a minimum standard of living for the elderly. Be aware that as life expectancy rises, the cost to the state of paying out pensions increases hugely. The level of state pension may encourage or discourage citizens to save into private pension plans.",,19,49,9,26,WELFARE,2500,14000,"_default_,1.0;Health,0.2*(x^6)",2,0,0,,#Effects,"Capitalist,-0.02-(0.1*x)","Retired,0.2+(0.55*x)","Poor,0.07+(0.12*x)","PovertyRate,0-(0.2*x)","Retired_income,0.1+(0.2*x)","_global_socialism,0.02+(0.02*x),12","Retired_freq,0+(0.09*x),8",,,,
#,StateSchools,State Schools,stateschools,"Free education for all ensures high levels of literacy and can be beneficial to the economy, especially those parts of the economy requiring a skilled workforce. The flipside of this is that state education can be expensive for the government. Wealthy individuals, not making use of state schools, may resent subsidizing them.",,30,42,18,21,PUBLICSERVICES,1000,10200,"_default_,1.0;Wages,-0.1+(0.2*x)",12,0,0,,#Effects,"Poor,0.04+(0.11*x)","Socialist,0.00+(0.20*x)","Education,0.3*(x^0.6)+ 0.07,8","PovertyRate,-0.08-(0.10*x)","StateEmployees,0.00+(0.14*x)","Unemployment,0-(0.19*x)","StateEmployees_freq,0+(0.1*x)","StateEmployees_income,0+(0.09*x)","_global_socialism,0+(0.03*x),12","Parents_freq,0+(0.025*x),8",
#,StemCells,Stem Cell Research,default,"A stem cell is a primitive type of cell that can be developed into most of the types of cells found in the human body. Some scientists claim that stem cell research offers great hope for curing diseases such as diabetes and multiple sclerosis. However, because stem cells are taken from discarded human embryos, many 'pro-life' and religious groups oppose their usage.",,45,45,21,15,PUBLICSERVICES,20,160,,4,0,0,,#Effects,"GDP,0.03+(0.035*x),22","Religious,-0.17-(0.1*x)","Conservatives,-0.02-(0.04*x)","Health,0.01+(0.02*x),16","Technology,0.02+(0.04*x)",,,,,,
#,TaxShelters,Tax Shelters,default,"By not fully taxing the wealth of the super-rich, tax shelters can be a great way to encourage successful entrepreneurs to make our country their home. With an ever-shrinking world, the rich are free to settle wherever they please. encouraging them to live here may mean that they spend their wealth in this country. Such measures can be very unpopular with the poor, who resent paying tax on their much lower earnings.",,13,18,7,7,ECONOMY,100,400,,1,0,0,,#Effects,"Wealthy,0.20+(0.30*x)","Socialist,-0.20-(0.40*x)","Equality,-0.10-(0.30*x),4","Capitalist,0+(0.14*x)","_HighIncome,0+(0.10*x)","GDP,0+(0.06*x),8","ForeignRelations,-0.08*(x^3)",,,,
#,TechnologyColleges,Technology Colleges,default,"Technology colleges are 'specialist schools' with a focus on computer literacy, biotechnology and similar subjects. These state-run colleges receive special funding from central government in order to encourage a greater level of technological literacy amongst the future workforce.",,10,16,6,7,PUBLICSERVICES,185,670,,4,0,0,,#Effects,"Education,0.025+(0.16*x),8","Technology,0.05+(0.15*x),10","StateEmployees,0.00+(0.05*x)","StateEmployees_freq,0+(0.04*x)","Socialist,-0.02-(0.06*x)","Equality,-0.02-(0.025*x)",,,,,
#,TechnologyGrants,Technology Grants,default,"The government can provide state funding to encourage business to invest in new and exciting technologies. Although this helps give us a competitive advantage and can create jobs, it can be argued that its an unnecessary distortion of the market.",,10,18,6,7,ECONOMY,450,4600,"GDP,0.25+(0.75*x)",2,0,0,,#Effects,"Unemployment,0.00-(0.05*x),6","Technology,0.05+(0.12*x),8","GDP,0.0+(0.02*x),16","WorkerProductivity,0.00+(0.07*x),8","Capitalist,0.03+(0.08*x)","Religious_freq,-0.08-(0.12*x),32",,,,,
#,TelecommutingInitiative,Telecommuting Initiative,default,"Telecommuting, or 'working from home' is seen as desirable because it reduces the pressure on the transport infrastructure, and can be an improvement to people's quality of life. It's also welcomed by parents. This policy offers tax incentives to companies supporting this option.",,2,6,0,3,TRANSPORT,110,500,"GDP,0.4+(0.6*x)",1,0,0,,#Effects,"Commuter,0.05+(0.15*x)","Commuter_freq,-0.05-(0.1*x),4","CarUsage,-0.05-(0.1*x),4","Parents,0.07+(0.07*x)","TradeUnionist,0.05+(0.05*x)",,,,,,
#,TobaccoTax,Tobacco Tax,tax,"Despite the failure of tobacco companies to admit it, there is good reason to believe that smoking has negative effects on health. This is used as a justification for taxing tobacco. Cynics point out that the government benefits hugely from a tax on a product it is supposedly against. Health campaigners encourage the tax as a way to encourage a more healthy population",,39,20,27,10,TAX,0,0,,1,115,8418,"TobaccoUse,0+(1.0*x)",#Effects,"_All_,-0.4*(TobaccoUse*x)","PovertyRate,0.23*(TobaccoUse*x)","Equality,-0.1*(TobaccoUse*x)","TobaccoUse,0-(0.8*x),8",,,,,,,
#,TollRoads,Toll Roads,default,"Toll roads charge motorists to use specific roads (normally major highways). This is a great example of directly applying market forces, by only charging those who use a particular route for the construction and maintenance of that route. Motorists tend to see this as just another form of taxation, whereas commuters appreciate not being charged for roads they seldom use.",,25,13,10,7,TRANSPORT,0,0,,12,11.5,140.3,"CarUsage,0+(1.0*x)",#Effects,"Motorist,0.00-(0.25*x)","Commuter,0.10+(0.05*x)","Capitalist,0.15+(0.11*x)","CarUsage,0.00-(0.05*x)","TrafficCongestion,0-(0.12*x)","Equality,0-(0.02*x)","Motorist_income,-0.04-(0.08*x)",,,,
#,UnemployedBenefit,Unemployed Benefit ,default,Unemployment benefit is a state benefit given to everyone who is able to work but cannot find employment. Socialists regard this as a minimum safety net for workers out of work because of the whims of the economy. Some believe that high unemployment benefits distort the market and discourage people from seeking work.,,25,27,14,12,WELFARE,500,5440,"Unemployment,0+(1.0*x)",1,0,0,,#Effects,"Capitalist,-0.01-(0.08*x)","Unemployment,0+(0.1*x),8","Poor,0.1+(0.3*x)","Socialist,0+(0.15*x)","PovertyRate,0-(0.12*x)","_LowIncome,0+(0.15*x)",,,,,
#,UniversityGrants,University Grants,universitygrants,"Although not all citizens will pursue a university education, governments can provide subsidies to students to encourage a more educated workforce. University grants also ensure equality of opportunity, as in their absence the cost of a university education can be beyond the reach of working class families.",,13,22,7,10,PUBLICSERVICES,200,2600,,2,0,0,,#Effects,"Education,0.00+(0.27*x),16","StateEmployees,0.00+(0.18*x)","_MiddleIncome,0+(0.06*x)","_LowIncome,0+(0.06*x)","Parents,0.02+(0.02*x)","Young,0.04+(0.17*x)","Young_income,0.08+(0.12*x)",,,,
#,WelfareFraudDept,Welfare Fraud Dept.,welfarefraud,"When government gives so much money out in welfare payments, it's essential that the money is correctly targeted and not exploited by people making spurious claims. A dedicated fraud department will detect false claimants, recover lost money and reassure middle income tax payers that their taxes are being spent wisely, although it can antagonize legitimate claimants.",,4,7,3,3,WELFARE,120,155,,3,115,800,"ChildBenefit,0+(0.25*x);DisabilityBenefit,0+(0.25*x);StateHousing,0+(0.25*x);UnemployedBenefit,0+(0.25*x)",#Effects,"Poor,-0.03-(0.06*x)","Conservatives,0.05+(0.07*x)","MiddleIncome,0.03+(0.06*x)",,,,,,,,
#,WinterFuelSubsidy,Winter Fuel Subsidy,default,A special concession given to the elderly. This is a regular welfare payment made to everyone over retirement age towards the cost of their winter fuel bills. It is designed to reduce 'fuel poverty' which can occur when some elderly members of society cannot afford to heat their homes in winter.,,9,30,3,9,WELFARE,500,2000,"Retired_perc,0+(1.0*x)",1,0,0,,#Effects,"Health,0.02+(0.02*x)","Retired,0.2+(0.2*x)","PovertyRate,-0.02-(0.06*x)","Environmentalist,-0.02-(0.03*x)","Retired_freq,0+(0.04*x)","EnergyEfficiency,0-(0.08*x)",,,,,
#,WorkSafetyLaw,Work Safety Law,default,"Work safety law, often known as 'health and safety' is a series of measures to ensure employees are not at risk from injury in their day-to-day activities. Trade unionists often hail such laws as a valuable defense against unscrupulous employers who may put lives at risk. Many business leaders are concerned at the high levels of bureaucracy and restrictive practices that can result from such laws, which they see as a burden on business.",,4,7,1,1,ECONOMY,10,55,,1,0,0,,#Effects,"TradeUnionist,0.04+(0.06*x)","TradeUnionist_freq,0.02+(0.02*x)","SelfEmployed,-0.05-(0.08*x)","SelfEmployed_freq,-0.02-(0.08*x)","WorkerProductivity,-0.01-(0.02*x),4","Health,0.01+(0.02*x)",,,,,
#,YouthClubSubsidies,Youth Club Subsidies,default,"Free youth clubs ensure that teenagers have a 'place to go' which can help them to stay out of trouble, and in the long run, reduce the incidence of street crime. It can be resented by some wealthier taxpayers, who see it as an unnecessary expense, paid for by their taxes.",,9,15,4,7,PUBLICSERVICES,12,220,,2,0,0,,#Effects,"Parents,0.06+(0.05*x)","Socialist,0.04+(0.02*x)","CrimeRate,-0.05-(0.05*x),8","Young,0.03+(0.08*x)","Young_income,0.02+(0.06*x)",,,,,,
#,AbortionLaw,Abortion Law,abortion,"Few areas of policy incite stronger emotions that the debate over abortion. On the 'pro-life' side, are arguments about the rights of the unborn child, and arguments are often made from a  religious standpoint. On the 'pro-choice' side, there is the argument that the State should not have more say over what a woman does with her body than she does. Making any change to the States position on abortion requires a hefty amount of political capital.",UNCANCELLABLE,0,0,26,19,PUBLICSERVICES,0,0,,1,0,0,,#Effects,"Religious,0.2-(x^5)","Liberal,0.2+(x-1)^5","Conservatives,0.2-(0.4*x)",,,,,,,,
#,RentControls,Rent Controls,default,"An alternative to state-housing is a system where the state will regulate the private-rental market in a bid to ensure the supply of affordable housing for all, even within the private sector. Capitalists will naturally see this as a distortion of the free market that will prevent enough homes being built, whereas supporters will say it prevents exploitation of the poor by greedy landlords.",,4,18,7,10,WELFARE,10,12,,1,0,0,,#Effects,"PovertyRate,-0.03-(0.03*x)","Socialist,0.04+(0.04*x)","Capitalist,-0.1-(0.2*x)","PrivateHousing,-0.1-(0.15*x)","_LowIncome,0.03+(0.04*x)","Capitalist_income,-0.09-(0.04*x)",,,,,
#,SchoolVouchers,School Vouchers,default,"A measure designed to encourage the growth of private schooling, whilst still enabling everyone to afford an education. School  vouchers are issued by the State to parents for each child which they can then spend in the private sector on education. This is a different approach to pure state schooling because with school tax credits the schools are privately run and the teachers are no longer state employees.",,9,14,7,9,PUBLICSERVICES,320,8000,"PrivateSchools,0+(1.0*x)",1,0,0,,#Effects,"PrivateSchools,0+(0.6*x),2","_LowIncome,0+(0.13*x)","Equality,0+(0.05*x),8","_global_socialism,-0.01-(0.12*x),8",,,,,,,
#,OilDrillingSubsidy,Oil Drilling Subsidies,default,"To encourage investment in new oil and gas drilling, and thus raise the supply of fossil fuel energy for the country, these tax breaks effectively subsidize fossil fuels. This will indirectly reduce fuel prices and stimulate the economy, but will be an outrage to environmentalists.",,36,8,18,6,ECONOMY,200,32100,"GDP,0.75+(0.25*x)",1,0,0,,#Effects,"Environmentalist,-0.1-(0.25*x)","GDP,0+(0.02*x),12","OilSupply,0.06+(0.1*x),4",,,,,,,,
#,MansionTax,Mansion Tax,default,"A special high rate of tax charged annually on the ownership of super-expensive homes. This tax is popular with some because it is almost impossible to avoid, as homes cannot be easily hidden. It is perceived as unfair by some elderly people who may have expensive homes but relatively low incomes, and thus have difficulty in paying the annual tax. It is a form of wealth-tax, as opposed to income tax.",,26,19,10,12,TAX,32,34,,2,500,4000,"Wealthy_perc,0.75+(0.5*x)",#Effects,"Wealthy,-0.1-(0.15*x)","Retired,-0.8*(x^8)","Equality,0.28*(x^5)","Socialist,0.08+(0.10*x)",,,,,,,
#,FuelEfficiency,Fuel Efficiency Standards,default,"Mandatory standards for new cars which dictate the minimum level of fuel efficiency. This is a long term measure aimed to raise the fuel efficiency of the country's cars, and thus reduce our dependence on oil, as well as reducing the cost of driving over the long term. It will be unpopular with car manufacturers, but a hit with environmentalists.",,6,15,2,7,TRANSPORT,20,22,,2,0,0,,#Effects,"OilDemand,-0.04-(0.10*x),24","Motorist_income,0.02+(0.08*x),24","CarUsage,0.02+(0.06*x),24","Environmentalist,0.04+(0.04*x)","Capitalist,-0.01-(0.02*x)","CO2Emissions,0-(0.1*x),8",,,,,
#,ForeignInvestorTaxBreaks,Foreign Investor Tax Breaks,default,"Special tax breaks given to large foreign-owned multinational companies to encourage them to invest in our country. This could include tax-free periods, introductory rates of corporate tax, and straight subsidies to encourage investment. Helps to encourage investment from overseas, but will be seen as incredibly unpatriotic, and pandering to the whims of huge foreign capitalist organizations.",,10,7,7,1,ECONOMY,600,6000,"GDP,0.75+(0.25*x)",1,0,0,,#Effects,"Patriot,-0.1-(0.14*x)","GDP,0.03+(0.05*x),4",,,,,,,,,
#,RoboticsResearch,Robotics Research Grants,default,"A special grant to encourage research in robotics. Robotics is a very long term area of research which will eventually bring about vast boosts in productivity, but at the same time it will reduce the amount of low or semi-skilled jobs in the economy, and thus potentially lead to higher unemployment.",,6,7,1,3,ECONOMY,100,2100,,2,0,0,,#Effects,"Technology,0.01+(0.06*x),16","WorkerProductivity,0.02+(0.1*x),16","Unemployment,0-(0.06*x),2","TradeUnionist,-0.06-(0.1*x)","Unemployment,0+(0.19*x),20",,,,,,
#,PrivatePrisons,Private Prisons,default,"Rather than directly control and manage a State prison service, this policy allows prisons to be privately owned and managed, and merely paid for by the state. Private prisons could result in lower cost and higher efficiency. These measures will be unpopular with trade unionists. Liberals will have ethical concerns about profiting from incarceration, but still be pleased if spending is high enough to promote rehabilitation.",,20,3,7,3,LAWANDORDER,80,1520,"CrimeRate,0.1+(0.9*x)",5,0,0,,#Effects,"CrimeRate,0.00-(0.07*x)","Liberal,-0.05+(x^2)*0.11","Conservatives,0.00+(0.12*x)",,"Unemployment,0-(0.02*x)","Capitalist,0+(0.11*x)","TradeUnionist,-0.06-(0.06*x)",,,,
#,JunkFoodTax,Junk Food Tax,junkfood,"A punitive tax rate charged on unhealthy food such as takeaway hamburgers, fizzy drinks and high sugar or fat content pre-processed food. Levied with the aim of improving the health of the nation, but can be unpopular.",,6,6,4,1,TAX,4,5,,1,23,102,,#Effects,"Health,0.03+(0.06*x),8","Young,-0.02-(0.04*x)","_LowIncome,-0.02-(0.03*x)","PovertyRate,0.02+(0.02*x)",,,,,,,
#,HealthFoodSubsidies,Health Food Subsidies,default,"A tax incentive that makes healthy food, such as fruit and vegetables, cheaper than the higher fat or higher sugar foods. Seen as an incentive to eat well, rather than a punishment for eating badly, and thus less punitive on the poor than a 'fat tax'.",,3,6,1,1,TAX,12,90,"Health,0.75+(0.25*x)",1,0,0,,#Effects,"Health,0.03+(0.06*x),8","_LowIncome,0.02+(0.02*x)",,,,,,,,,
#,Tasers,Tasers,tasers,A non-lethal but still highly effective (and possibly dangerous) weapon which effectively gives criminals an electric shock. Supporters say it is a good compromise between the need to disable violent criminals and the risk of death associated with traditional firearms. Opponents claim that the use of such weapons lowers the barrier-to-use for the police and will encourage more casual use of force against the population.,,25,6,3,3,LAWANDORDER,200,400,,2,0,0,,#Effects,"Liberal,-0.08-(0.08*x)","CrimeRate,-0.05-(0.05*x)","ViolentCrimeRate,-0.10-(0.05*x)","_security_,0.015+(0.02*x)",,,,,,,
#,PoliceDrones,Police Drones,default,"Unmanned aerial reconnaissance vehicles, similar to remote control planes which can be employed by the police force. The 'eye in the sky' is a useful way to keep track of mobs and rioters, and allows for subtle yet effective surveillance. The police see it as a vital tool for modern crime fighting, but there are concerns that this is a step further towards a big-brother style surveillance society where everyone is tracked.",,16,6,3,3,LAWANDORDER,500,1400,,4,0,0,,#Effects,"Liberal,-0.1-(0.1*x)","CrimeRate,-0.08-(0.05*x)","ViolentCrimeRate,-0.02-(0.05*x)","_security_,0.03+(0.03*x)","_Terrorism,-0.1-(0.03*x)",,,,,,
#,ArtsSubsidies,Arts Subsidies,artssubsidies,"Investing public money in the arts is controversial with capitalists who see it as supporting uneconomic elitist entertainment, but others see it as vital to a countries culture, boosting our image on the world stage, and attracting tourists.",,13,15,3,6,PUBLICSERVICES,50,575,,4,0,0,,#Effects,"Liberal,0.01+(0.08*x)","Capitalist,-0.01-(0.03*x)","ForeignRelations,0+(0.07*x),32","Tourism,0+(0.10*x),24","Education,0+(0.03*x),16","_global_liberalism,-0.01+(0.06*x),16",,,,,
#,HealthcareVouchers,Healthcare Vouchers,default,"A measure designed to encourage the growth of private health care whilst still enabling everyone access to it. Healthcare vouchers are  issued by the State to everyone but can then only be spent in the private sector on health care. This is a different approach to pure State health care because with health tax credits, the hospitals are privately run and the medical staff are no longer state employees.",,13,14,7,10,PUBLICSERVICES,2000,15000,"_default_,0.6;TobaccoUse,0+(0.1*x);AlcoholConsumption,0+(0.2*x);Environment,0.2-(0.1*x);Alcoholism,0.1+(0.1*x)",1,0,0,,#Effects,"_LowIncome,0+(0.17*x)","_MiddleIncome,0+(0.08*x)","Equality,0+(0.1*x),8","_global_socialism,-0.01-(0.12*x),8","PrivateHealthcare,0+(0.6*x),2",,,,,,
#,HealthTaxCredits,Health Tax Credits,default,"A system of tax-reductions and credits designed to encourage people to spend their money on private healthcare, in order to reduce their tax liability. This boosts healthcare without involving the state running hospitals or employing doctors, but it's effect is limited to those people in society earning enough to be paying tax in the first place.",,20,16,8,8,TAX,1000,8000,"_default_,0.6;TobaccoUse,0+(0.1*x);AlcoholConsumption,0+(0.2*x);Environment,0.2-(0.1*x);Alcoholism,0.1+(0.1*x)",1,0,0,,#Effects,"PrivateHealthcare,0+(0.3*x),2","_MiddleIncome,0+(0.08*x)","_HighIncome,0+(0.06*x)","Wealthy,0.02+(0.06*x)","MiddleIncome,0.04+(0.06*x)","Socialist,-0.01-(0.05*x)","Poor,-0.01-(0.05*x)","Capitalist,0.02+(0.04*x)",,,
#,SchoolTaxCredits,School Tax Credits,default,A system of tax-reductions and credits designed to encourage people to spend their money on private education in order to reduce their tax liability. This boosts private schooling without involving the State running schools or employing teachers but it's effect is limited to those people in society earning enough to be paying tax in the first place.,,19,15,8,8,TAX,200,5000,,1,0,0,,#Effects,"PrivateSchools,0+(0.4*x),2","_MiddleIncome,0+(0.08*x)","_HighIncome,0+(0.06*x)","Wealthy,0.02+(0.06*x)","MiddleIncome,0.04+(0.06*x)","Socialist,-0.01-(0.05*x)","Poor,-0.01-(0.05*x)","Capitalist,0.02+(0.04*x)",,,
#,FoodStamps,Food Stamps,default,"Food stamps is a system where the state will issue vouchers or 'stamps' to those citizens on low or no income, to ensure they are able to afford food. Unlike giving a straight cash benefit, food stamps can only be redeemed for uncooked food, preventing them being used for unhealthy takeaway food. Supporters see food stamps as a valuable way to ensure nobody goes hungry, no matter their income. Critics consider such a scheme patronizing, and no more than papering over the cracks caused by free market failure and low wages.",,4,24,4,10,WELFARE,250,4000,"Poor_perc,0+(1.0*x)",1,0,0,,#Effects,"Health,0.01+(0.02*x),8","_LowIncome,0.03+(0.012*x)","Poor,0.04+(0.15*x)","PovertyRate,-0.03-(0.12*x)","Socialist,0.02+0.08*x)","Farmers_income,0+(0.03*x)","Farmers,0+(0.03*x)","Equality,0.02+(0.08*x)",,,
#,FoodStandards,Food Standards Agency,default,"A food standards agency is a branch of government dedicated to ensuring the safety and minimum nutritional standards of food supplied within the country. Farmers may regard the agency as an extra layer of bureaucracy and meddling, but public health campaigners see the agency as an essential line of defense between the consumer and unscrupulous food producers looking to cut costs.",,7,10,2,2,PUBLICSERVICES,22,65,,4,0,0,,#Effects,"Farmers,-0.02-(0.04*x)","Liberal,0.01+(0.04*x)","Health,0.01+(0.03*x),12","Obesity,-0.01-(0.02*x),4",,,,,,,
#,EnterpriseInvestmentScheme,Enterprise Investment Scheme,default,"The Enterprise Investment Scheme is a system which gives tax breaks to wealthy individuals who invest their money in small startup companies which are based in this country. The scheme encourages investment in companies which should eventually grow and stimulate the economy, whilst at the same time giving a popular tax break to people who invest in them. Obviously indirectly, the scheme is being subsidized by those without savings to invest.",,7,10,6,6,TAX,120,2000,"GDP,0.25+(0.75*x)",1,0,0,,#Effects,"SelfEmployed,0.10+(0.2*x)","GDP,0.01+(0.05*x),16","Capitalist,0+(0.05*x)","_global_socialism,-0.04-(0.06*x),12","SelfEmployed_freq,0.02+(0.06*x),4","SelfEmployed_income,0.01+(0.09*x)","_HighIncome,0+(0.12*x)",,,,
#,RecreationalDrugsTax,Recreational Drugs Tax,default,"In societies that have legalized drugs such as Cannabis and Marijuana, there is a temptation to treat consumption of these drugs as a source of government revenue, given the claims that their consumption should be politely discouraged due to the negative effects on citizens health, in a similar way to governments taxing alcohol or tobacco.",,8,8,5,5,TAX,0,0,,1,0,5200,"LegalDrugConsumption,0+(1.0*x)",#Effects,"Young,0-(0.08*x)","Poor,0-(0.05*x)","PovertyRate,0+(0.06*x)","LegalDrugConsumption,-0.1*(x^2))",,,,,,,
